排名,学校中文名,学校英文名,省份,类型,总分,标签
1,清华大学,Tsinghua University,北京,综合,1087.1,双一流/985/211
2,北京大学,Peking University,北京,综合,1036.3,双一流/985/211
3,浙江大学,Zhejiang University,浙江,综合,895.6,双一流/985/211
4,上海交通大学,Shanghai Jiao Tong University,上海,综合,894.2,双一流/985/211
5,复旦大学,Fudan University,上海,综合,792.4,双一流/985/211
6,南京大学,Nanjing University,江苏,综合,708.5,双一流/985/211
7,中国科学技术大学,University of Science and Technology of China,安徽,理工,653.1,双一流/985/211
8,武汉大学,Wuhan University,湖北,综合,638.7,双一流/985/211
9,华中科技大学,Huazhong University of Science and Technology,湖北,综合,638,双一流/985/211
10,西安交通大学,Xi'an Jiaotong University,陕西,综合,620.8,双一流/985/211
11,北京航空航天大学,Beihang University,北京,理工,612.8,双一流/985/211
12,哈尔滨工业大学,Harbin Institute of Technology,黑龙江,理工,607.7,双一流/985/211
13,中山大学,Sun Yat-sen University,广东,综合,597.6,双一流/985/211
14,北京理工大学,Beijing Institute of Technology,北京,理工,595.4,双一流/985/211
15,东南大学,Southeast University,江苏,综合,592.3,双一流/985/211
16,四川大学,Sichuan University,四川,综合,581.3,双一流/985/211
17,中国人民大学,Renmin University of China,北京,综合,558.1,双一流/985/211
18,同济大学,Tongji University,上海,综合,556.6,双一流/985/211
19,北京师范大学,Beijing Normal University,北京,师范,553.2,双一流/985/211
20,天津大学,Tianjin University,天津,理工,544.2,双一流/985/211
21,南开大学,Nankai University,天津,综合,528.8,双一流/985/211
22,山东大学,Shandong University,山东,综合,527.1,双一流/985/211
23,西北工业大学,Northwestern Polytechnical University,陕西,理工,519.2,双一流/985/211
24,中国农业大学,China Agricultural University,北京,农业,519.1,双一流/985/211
25,厦门大学,Xiamen University,福建,综合,512.5,双一流/985/211
26,吉林大学,Jilin University,吉林,综合,498.2,双一流/985/211
27,中南大学,Central South University,湖南,综合,497,双一流/985/211
28,大连理工大学,Dalian University of Technology,辽宁,理工,495.4,双一流/985/211
29,华东师范大学,East China Normal University,上海,师范,469.1,双一流/985/211
30,南方科技大学,Southern University of Science and Technology,广东,综合,466.9,双一流
31,湖南大学,Hunan University,湖南,综合,464.1,双一流/985/211
32,华南理工大学,South China University of Technology,广东,理工,456.4,双一流/985/211
33,电子科技大学,University of Electronic Science and Technology of China,四川,理工,453.6,双一流/985/211
34,重庆大学,Chongqing University,重庆,综合,436,双一流/985/211
35,北京科技大学,University of Science and Technology Beijing,北京,理工,429.3,双一流/211
36,南京理工大学,Nanjing University of Science & Technology,江苏,理工,419.3,双一流/211
37,南京航空航天大学,Nanjing University of Aeronautics and Astronautics,江苏,理工,417.4,双一流/211
38,东北大学,Northeastern University,辽宁,理工,398.7,双一流/985/211
39,西安电子科技大学,Xidian University,陕西,理工,391.5,双一流/211
40,兰州大学,Lanzhou University,甘肃,综合,388.4,双一流/985/211
41,北京交通大学,Beijing Jiaotong University,北京,理工,381.1,双一流/211
42,华东理工大学,East China University of Science and Technology,上海,理工,380.4,双一流/211
43,哈尔滨工程大学,Harbin Engineering University,黑龙江,理工,380.1,双一流/211
44,郑州大学,Zhengzhou University,河南,综合,380,双一流/211
45,华中农业大学,Huazhong Agricultural University,湖北,农业,375.6,双一流/211
46,苏州大学,Soochow University,江苏,综合,374.4,双一流/211
47,上海科技大学,ShanghaiTech University,上海,综合,373.4,双一流
48,东北师范大学,Northeast Normal University,吉林,师范,372.4,双一流/211
49,西南交通大学,Southwest Jiaotong University,四川,理工,366.3,双一流/211
50,北京邮电大学,Beijing University of Posts and Telecommunications,北京,理工,360.3,双一流/211
51,中国海洋大学,Ocean University of China,山东,综合,359.2,双一流/985/211
52,江南大学,Jiangnan University,江苏,综合,355.8,双一流/211
53,华中师范大学,Central China Normal University,湖北,师范,355.1,双一流/211
54,武汉理工大学,Wuhan University of Technology,湖北,理工,351.9,双一流/211
55,南京农业大学,Nanjing Agricultural University,江苏,农业,350.9,双一流/211
56,中国地质大学（武汉）,China University of Geosciences,湖北,理工,350.8,双一流/211
57,北京化工大学,Beijing University of Chemical Technology,北京,理工,345,双一流/211
58,南京师范大学,Nanjing Normal University,江苏,师范,344.4,双一流/211
59,暨南大学,Jinan University,广东,综合,343.5,双一流/211
60,上海大学,Shanghai University,上海,综合,343.3,双一流/211
61,西南大学,Southwest University,重庆,综合,343,双一流/211
62,中国石油大学（北京）,"China University of Petroleum, Beijing",北京,理工,342.7,双一流/211
63,河海大学,Hohai University,江苏,理工,342,双一流/211
63,陕西师范大学,Shaanxi Normal University,陕西,师范,342,双一流/211
65,北京工业大学,Beijing University of Technology,北京,理工,341.5,双一流/211
66,深圳大学,Shenzhen University,广东,综合,341.4,
67,中国矿业大学,China University of Mining and Technology,江苏,理工,335.7,双一流/211
68,浙江工业大学,Zhejiang University of Technology,浙江,理工,334.4,
69,西北农林科技大学,Northwest A&F University,陕西,农业,330.7,双一流/985/211
70,西北大学,Northwest University,陕西,综合,329.7,双一流/211
71,云南大学,Yunnan University,云南,综合,325.8,双一流/211
72,东华大学,Donghua University,上海,理工,317.4,双一流/211
73,中国石油大学（华东）,China University of Petroleum (East China),山东,理工,316.3,双一流/211
74,南昌大学,Nanchang University,江西,综合,314.5,双一流/211
75,中国地质大学（北京）,China University of Geosciences Beijing,北京,理工,314.2,双一流/211
76,中国矿业大学（北京）,China University of Mining and Technology-Beijing,北京,理工,313.7,双一流/211
77,福州大学,Fuzhou University,福建,理工,310.5,双一流/211
78,宁波大学,Ningbo University,浙江,综合,310.3,双一流
79,华南师范大学,South China Normal University,广东,师范,306.6,双一流/211
80,合肥工业大学,Hefei University of Technology,安徽,理工,304.8,双一流/211
81,江苏大学,Jiangsu University,江苏,综合,301.3,
82,南京邮电大学,Nanjing University of Posts and Telecommunications,江苏,理工,297.9,双一流
83,北京林业大学,Beijing Forestry University,北京,林业,294.9,双一流/211
84,华北电力大学,North China Electric Power University,北京,理工,293.5,双一流/211
85,贵州大学,Guizhou University,贵州,综合,291.1,双一流/211
86,广西大学,Guangxi University,广西,综合,288.9,双一流/211
87,海南大学,Hainan University,海南,综合,286.9,双一流/211
88,南京工业大学,Nanjing Tech University,江苏,理工,285.2,
89,长安大学,Chang'an University,陕西,理工,282.7,双一流/211
90,福建师范大学,Fujian Normal University,福建,师范,282.5,
91,浙江师范大学,Zhejiang Normal University,浙江,师范,282.2,
92,湖南师范大学,Hunan Normal University,湖南,师范,280.5,双一流/211
93,南京林业大学,Nanjing Forestry University,江苏,林业,280.3,双一流
93,扬州大学,Yangzhou University,江苏,综合,280.3,
95,河南大学,Henan University,河南,综合,279.1,双一流
96,广东工业大学,Guangdong University of Technology,广东,理工,276.1,
97,太原理工大学,Taiyuan University of Technology,山西,理工,275.7,双一流/211
98,南京信息工程大学,Nanjing University of Information Science & Technology,江苏,理工,275.1,双一流
99,杭州电子科技大学,Hangzhou Dianzi University,浙江,理工,274.6,
100,首都师范大学,Capital Normal University,北京,师范,273.4,双一流
101,安徽大学,Anhui University,安徽,综合,273.3,双一流/211
102,山西大学,Shanxi University,山西,综合,272.4,双一流
103,华南农业大学,South China Agricultural University,广东,农业,270.1,双一流
104,山东师范大学,Shandong Normal University,山东,师范,268.6,
105,广州大学,Guangzhou University,广东,综合,267.8,
106,上海理工大学,University of Shanghai for Science and Technology,上海,理工,266.9,
107,河北工业大学,Hebei University of Technology,河北,理工,266.5,双一流/211
108,青岛大学,Qingdao University,山东,综合,263.1,
109,燕山大学,Yanshan University,河北,理工,261.9,
110,昆明理工大学,Kunming University of Science and Technology,云南,理工,260.8,
111,西安理工大学,Xi'an University of Technology,陕西,理工,259.8,
112,浙江理工大学,Zhejiang Sci-Tech University,浙江,理工,259.2,
113,大连海事大学,Dalian Maritime University,辽宁,综合,257.2,双一流/211
114,内蒙古大学,Inner Mongolia University,内蒙古,综合,256.8,双一流/211
115,东北林业大学,Northeast Forestry University,黑龙江,林业,255.4,双一流/211
116,杭州师范大学,Hangzhou Normal University,浙江,师范,254,
117,湘潭大学,Xiangtan University,湖南,综合,253.7,双一流
118,西安建筑科技大学,Xi'an University of Architecture and Technology,陕西,理工,251.7,
119,西南石油大学,Southwest Petroleum University,四川,理工,248.3,双一流
120,东北农业大学,Northeast Agricultural University,黑龙江,农业,245.7,双一流/211
121,湖北大学,Hubei University,湖北,综合,243.9,
122,福建农林大学,Fujian Agriculture and Forestry University,福建,农业,243.4,
123,上海师范大学,Shanghai Normal University,上海,师范,238.4,
123,武汉科技大学,Wuhan University of Science and Technology,湖北,理工,238.4,
125,辽宁大学,Liaoning University,辽宁,综合,238.1,双一流/211
126,江西师范大学,Jiangxi Normal University,江西,师范,238,
127,成都理工大学,Chengdu University of Technology,四川,理工,237.7,双一流
128,山东农业大学,Shandong Agricultural University,山东,农业,234.7,
129,温州大学,Wenzhou University,浙江,综合,234.5,
130,河北大学,Hebei University,河北,综合,233.9,
131,新疆大学,Xinjiang University,新疆,综合,233.6,双一流/211
132,陕西科技大学,Shaanxi University of Science & Technology,陕西,理工,232.4,
133,天津工业大学,Tiangong University,天津,理工,231.9,双一流
134,四川农业大学,Sichuan Agricultural University,四川,农业,231.7,双一流/211
135,长沙理工大学,Changsha University of Science & Technology,湖南,理工,231.6,
135,石河子大学,Shihezi University,新疆,综合,231.6,双一流/211
137,宁夏大学,Ningxia University,宁夏,综合,230.9,双一流/211
138,长春理工大学,Changchun University of Science and Technology,吉林,理工,230.6,
139,华侨大学,Huaqiao University,福建,综合,229.8,
140,山东科技大学,Shandong University of Science and Technology,山东,理工,226.4,
141,江苏科技大学,Jiangsu University of Science and Technology,江苏,理工,224.9,
142,上海海洋大学,Shanghai Ocean University,上海,农业,222.5,双一流
143,安徽农业大学,Anhui Agricultural University,安徽,农业,222,
144,中北大学,North University of China,山西,理工,221.5,
145,安徽师范大学,Anhui Normal University,安徽,师范,220.6,
145,河南农业大学,Henan Agricultural University,河南,农业,220.6,
147,重庆邮电大学,Chongqing University of Posts and Telecommunications,重庆,理工,219.3,
147,南通大学,Nantong University,江苏,综合,219.3,
149,广西师范大学,Guangxi Normal University,广西,师范,217.8,
149,浙江农林大学,Zhejiang A&F University,浙江,林业,217.8,
151,齐鲁工业大学,Qilu University of Technology,山东,理工,217.4,
151,中国计量大学,China Jiliang University,浙江,理工,217.4,
153,沈阳农业大学,Shenyang Agricultural University,辽宁,农业,216.5,
154,西北师范大学,Northwest Normal University,甘肃,师范,216,
155,黑龙江大学,Heilongjiang University,黑龙江,综合,215.1,
156,集美大学,Jimei University,福建,综合,215,
157,延边大学,Yanbian University,吉林,综合,214.9,双一流/211
158,天津科技大学,Tianjin University of Science and Technology,天津,理工,214.8,
159,武汉纺织大学,Wuhan Textile University,湖北,理工,214,
160,天津师范大学,Tianjin Normal University,天津,师范,213.5,
161,吉林农业大学,Jilin Agricultural University,吉林,农业,212.7,
162,湖北工业大学,Hubei University of Technology,湖北,理工,211.2,
162,辽宁师范大学,Liaoning Normal University,辽宁,师范,211.2,
164,曲阜师范大学,Qufu Normal University,山东,师范,210.7,
165,常州大学,Changzhou University,江苏,理工,210.1,
166,湖南农业大学,Hunan Agricultural University,湖南,农业,209.9,
167,青岛科技大学,Qingdao University of Science & Technology,山东,理工,209.6,
168,河南师范大学,Henan Normal University,河南,师范,209.2,
169,武汉工程大学,Wuhan Institute of Technology,湖北,理工,209,
170,天津理工大学,Tianjin University of Technology,天津,理工,208.6,
171,上海海事大学,Shanghai Maritime University,上海,综合,207.5,
172,江苏师范大学,Jiangsu Normal University,江苏,师范,207.4,
173,汕头大学,Shantou University,广东,综合,206.9,
174,三峡大学,China Three Gorges University,湖北,综合,205.6,
175,济南大学,University of Jinan,山东,综合,205,
176,河南科技大学,Henan University of Science and Technology,河南,综合,204.4,
177,河北师范大学,Hebei Normal University,河北,师范,204.3,
178,北京建筑大学,Beijing University of Civil Engineering and Architecture,北京,理工,204.1,
179,沈阳航空航天大学,Shenyang Aerospace University,辽宁,理工,202.7,
180,安徽理工大学,Anhui University of Science & Technology,安徽,理工,201.7,
181,南昌航空大学,Nanchang Hangkong University,江西,理工,200.5,
182,北京信息科技大学,Beijing Information Science & Technology University,北京,理工,199.9,
183,桂林电子科技大学,Guilin University of Electronic Technology,广西,理工,199.8,
184,长江大学,Yangtze University,湖北,综合,199.4,
185,国际关系学院,University of International Relations,北京,综合,198.9,
186,西安科技大学,Xi'an University of Science and Technology,陕西,理工,197.6,
187,青岛理工大学,Qingdao University of Technology,山东,理工,197.4,
188,上海电力大学,Shanghai University of Electric Power,上海,理工,196.4,
189,河北农业大学,Hebei Agricultural University,河北,农业,196.3,
189,湖南科技大学,Hunan University of Science and Technology,湖南,综合,196.3,
191,重庆交通大学,Chongqing Jiaotong University,重庆,理工,195.8,
192,兰州交通大学,Lanzhou Jiaotong University,甘肃,理工,195.6,
193,安徽工业大学,Anhui University of Technology,安徽,理工,195.4,
194,河南理工大学,Henan Polytechnic University,河南,理工,195.2,
194,华东交通大学,East China Jiaotong University,江西,理工,195.2,
196,西安邮电大学,Xi'an University of Posts and Telecommunications,陕西,理工,195,
197,山东理工大学,Shandong University of Technology,山东,理工,194.9,
198,南华大学,University of South China,湖南,综合,194.4,
198,沈阳工业大学,Shenyang University of Technology,辽宁,理工,194.4,
198,云南师范大学,Yunnan Normal University,云南,师范,194.4,
201,西藏大学,Tibet University,西藏,综合,194.3,双一流/211
202,江西理工大学,Jiangxi University of Science and Technology,江西,理工,193.8,
203,青海大学,Qinghai University,青海,综合,193.6,双一流/211
204,兰州理工大学,Lanzhou University of Technology,甘肃,理工,193,
205,西南科技大学,Southwest University of Science and Technology,四川,理工,192.4,
206,西安工业大学,Xi'an Technological University,陕西,理工,191.7,
207,江西农业大学,Jiangxi Agricultural University,江西,农业,190.8,
208,东北电力大学,Northeast Electric Power University,吉林,理工,189.8,
209,四川师范大学,Sichuan Normal University,四川,师范,188.9,
210,河南工业大学,Henan University of Technology,河南,理工,187.4,
211,大连工业大学,Dalian Polytechnic University,辽宁,理工,187,
212,内蒙古农业大学,Inner Mongolia Agricultural University,内蒙古,农业,185.9,
213,东北石油大学,Northeast Petroleum University,黑龙江,理工,185.3,
214,哈尔滨理工大学,Harbin University of Science and Technology,黑龙江,理工,185,
215,重庆师范大学,Chongqing Normal University,重庆,师范,184.6,
216,嘉兴大学,Jiaxing University,浙江,综合,184.2,
217,苏州科技大学,Suzhou University of Science and Technology,江苏,理工,183.7,
218,浙大城市学院,Hangzhou City University,浙江,理工,183.6,
219,中南林业科技大学,Central South University of Forestry & Technology,湖南,林业,183.5,
220,贵州师范大学,Guizhou Normal University,贵州,师范,183.1,
220,内蒙古师范大学,Inner Mongolia Normal University,内蒙古,师范,183.1,
222,沈阳建筑大学,Shenyang Jianzhu University,辽宁,理工,182.9,
223,哈尔滨师范大学,Harbin Normal University,黑龙江,师范,182.1,
224,烟台大学,Yantai University,山东,综合,181.5,
225,山西农业大学,Shanxi Agricultural University,山西,农业,181.3,
226,中国民航大学,Civil Aviation University of China,天津,理工,180.8,
227,海南师范大学,Hainan Normal University,海南,师范,180.6,
228,青岛农业大学,Qingdao Agricultural University,山东,农业,180.4,
229,东华理工大学,East China University of Technology,江西,理工,180.1,
230,西安石油大学,Xi'an Shiyou University,陕西,理工,179.4,
231,石家庄铁道大学,Shijiazhuang Tiedao University,河北,理工,179.3,
232,浙江科技大学,Zhejiang University of Science & Technology,浙江,理工,178.8,
233,北京电子科技学院,Beijing Electronic Science and Technology Institute,北京,理工,178.7,
234,湖州师范学院,Huzhou University,浙江,师范,178.3,
235,甘肃农业大学,Gansu Agricultural University,甘肃,农业,178.2,
236,浙江海洋大学,Zhejiang Ocean University,浙江,农业,178.1,
237,佛山大学,Foshan University,广东,理工,177.9,
237,上海工程技术大学,Shanghai University of Engineering Science,上海,理工,177.9,
239,北方工业大学,North China University of Technology,北京,理工,177.4,
240,鲁东大学,Ludong University,山东,综合,176.9,
241,成都大学,Chengdu University,四川,综合,175.9,
242,上海应用技术大学,Shanghai Institute of Technology,上海,理工,175.4,
243,重庆理工大学,Chongqing University of Technology,重庆,理工,174.3,
244,沈阳化工大学,Shenyang University of Chemical Technology,辽宁,理工,172.6,
245,长春工业大学,Changchun University of Technology,吉林,理工,172.3,
246,厦门理工学院,Xiamen University of Technology,福建,理工,172.2,
247,东莞理工学院,Dongguan University of Technology,广东,理工,172,
248,延安大学,Yan'an University,陕西,综合,171.8,
249,大连交通大学,Dalian Jiaotong University,辽宁,理工,171.7,
249,华北水利水电大学,North China University of Water Resources and Electric Power,河南,理工,171.7,
251,山东建筑大学,Shandong Jianzhu University,山东,理工,171.2,
252,赣南师范大学,Gannan Normal University,江西,师范,171,
253,西安工程大学,Xi'an Polytechnic University,陕西,理工,170.6,
254,河北科技大学,Hebei University of Science and Technology,河北,理工,170.4,
254,沈阳理工大学,Shenyang Ligong University,辽宁,理工,170.4,
256,青海师范大学,Qinghai Normal University,青海,师范,169.7,
257,武汉轻工大学,Wuhan Polytechnic University,湖北,理工,169.3,
258,桂林理工大学,Guilin University of Technology,广西,理工,169.2,
258,郑州轻工业大学,Zhengzhou University of Light Industry,河南,理工,169.2,
260,成都信息工程大学,Chengdu University of Information Technology,四川,理工,169,
261,内蒙古工业大学,Inner Mongolia University of Technology,内蒙古,理工,168.9,
262,西华大学,Xihua University,四川,综合,168,
263,辽宁石油化工大学,Liaoning Petrochemical University,辽宁,理工,167.5,
264,绍兴文理学院,Shaoxing University,浙江,师范,167.2,
265,江汉大学,Jianghan University,湖北,综合,167.1,
266,沈阳大学,Shenyang University,辽宁,综合,166.8,
267,山西师范大学,Shanxi Normal University,山西,师范,166.3,
268,聊城大学,Liaocheng University,山东,综合,164.8,
269,华北理工大学,North China University of Science and Technology,河北,综合,164.5,
270,太原科技大学,Taiyuan University of Science and Technology,山西,理工,164.2,
271,辽宁工程技术大学,Liaoning Technical University,辽宁,理工,164.1,
271,西华师范大学,China West Normal University,四川,师范,164.1,
273,南京工程学院,Nanjing Institute of Technology,江苏,理工,164,
274,安徽工程大学,Anhui Polytechnic University,安徽,理工,162.6,
275,福建理工大学,Fujian University of Technology,福建,理工,162.5,
276,上海海关学院,Shanghai Customs University,上海,综合,162.4,
277,沈阳师范大学,Shenyang Normal University,辽宁,师范,162,
278,台州学院,Taizhou University,浙江,综合,161,
279,重庆科技大学,Chongqing University of Science and Technology,重庆,理工,159.7,
279,辽宁工业大学,Liaoning University of Technology,辽宁,理工,159.7,
281,北京农学院,Beijing University of Agriculture,北京,农业,159.4,
281,北京印刷学院,Beijing Institute of Graphic Communication,北京,理工,159.4,
283,安徽建筑大学,Anhui Jianzhu University,安徽,理工,158.8,
283,深圳技术大学,Shenzhen Technology University,广东,综合,158.8,
285,渤海大学,Bohai University,辽宁,综合,158.4,
285,大理大学,Dali University,云南,综合,158.4,
287,大连大学,Dalian University,辽宁,综合,158.2,
287,苏州工学院,Suzhou University of Technology,江苏,理工,158.2,
287,浙大宁波理工学院,NingboTech University,浙江,理工,158.2,
290,云南农业大学,Yunnan Agricultural University,云南,农业,156,
291,河北工程大学,Hebei University of Engineering,河北,理工,155.8,
292,宁波工程学院,Ningbo University of Technology,浙江,理工,155.6,
293,湖南工业大学,Hunan University of Technology,湖南,理工,154.8,
294,吉林建筑大学,Jilin Jianzhu University,吉林,理工,154.4,
295,南宁师范大学,Nanning Normal University,广西,师范,153.9,
296,大连海洋大学,Dalian Ocean University,辽宁,农业,153.6,
297,闽江学院,Minjiang University,福建,理工,153.1,
298,广东海洋大学,Guangdong Ocean University,广东,农业,153,
299,临沂大学,Linyi University,山东,综合,152.8,
300,北京石油化工学院,Beijing Institute of Petrochemical Technology,北京,理工,152.7,
301,黑龙江八一农垦大学,Heilongjiang Bayi Agricultural University,黑龙江,农业,152.5,
302,新疆师范大学,Xinjiang Normal University,新疆,师范,152.4,
303,西南林业大学,Southwest Forestry University,云南,林业,152.3,
304,辽宁科技大学,University of Science and Technology Liaoning,辽宁,理工,152,
305,新疆农业大学,Xinjiang Agricultural University,新疆,农业,151.7,
306,北京联合大学,Beijing Union University,北京,综合,151.6,
307,重庆文理学院,Chongqing University of Arts and Sciences,重庆,综合,151.4,
308,北华大学,Beihua University,吉林,综合,150.7,
309,闽南师范大学,Minnan Normal University,福建,师范,150.1,
310,湖南理工学院,Hunan Institute of Science and Technology,湖南,理工,149.8,
311,五邑大学,Wuyi University,广东,综合,149.2,
312,湖北师范大学,Hubei Normal University,湖北,师范,149.1,
312,浙江万里学院,Zhejiang Wanli University,浙江,理工,149.1,
314,广东技术师范大学,Guangdong Polytechnic Normal University,广东,师范,149,
314,内蒙古科技大学,Inner Mongolia University of Science & Technology,内蒙古,综合,149,
316,合肥大学,Hefei University,安徽,理工,147.9,
317,淮阴工学院,Huaiyin Institute of Technology,江苏,理工,147.5,
318,天津城建大学,Tianjin Chengjian University,天津,理工,147.2,
319,无锡学院,Wuxi University,江苏,综合,147.1,
320,中原工学院,Zhongyuan University of Technology,河南,理工,146.9,
321,景德镇陶瓷大学,Jingdezhen Ceramic University,江西,理工,146.7,
322,吉林师范大学,Jilin Normal University,吉林,师范,146.4,
323,吉首大学,Jishou University,湖南,综合,146.3,
324,江西科技师范大学,Jiangxi Science and Technology Normal University,江西,师范,145.7,
325,江苏海洋大学,Jiangsu Ocean University,江苏,理工,145.6,
326,四川轻化工大学,Sichuan University of Science and Engineering,四川,理工,145.3,
327,上海第二工业大学,Shanghai Polytechnic University,上海,理工,145.2,
328,长沙学院,Changsha University,湖南,理工,145,
329,广西科技大学,Guangxi University of Science and Technology,广西,理工,144.7,
330,淮北师范大学,Huaibei Normal University,安徽,师范,144.6,
331,淮阴师范学院,Huaiyin Normal University,江苏,师范,144.3,
332,上海电机学院,Shanghai Dianji University,上海,理工,144,
333,南京晓庄学院,Nanjing XiaoZhuang University,江苏,师范,143.6,
334,盐城工学院,Yancheng Institute of Technology,江苏,理工,143.5,
335,贵州师范学院,Guizhou Education University,贵州,师范,143,
336,常州工学院,Changzhou Institute of Technology,江苏,理工,142,
337,长春师范大学,Changchun Normal University,吉林,师范,141.5,
337,信阳师范大学,Xinyang Normal University,河南,师范,141.5,
339,榆林学院,Yulin University,陕西,师范,141.4,
340,安庆师范大学,Anqing Normal University,安徽,师范,141.2,
341,湖北汽车工业学院,Hubei University of Automotive Technology,湖北,理工,141,
342,陕西理工大学,Shaanxi University of Technology,陕西,理工,140.7,
343,塔里木大学,Tarim University,新疆,综合,140.5,
343,天津职业技术师范大学,TianJin University of Technology and Education,天津,师范,140.5,
345,长江师范学院,Yangtze Normal University,重庆,师范,140.3,
346,湖南第一师范学院,Hunan First Normal University,湖南,师范,140,
347,江苏理工学院,Jiangsu University of Technology,江苏,理工,139.9,
348,江西水利电力大学,Jiangxi University of Water Resources and Electric Power,江西,理工,139.7,
349,长春工程学院,Changchun Institute of Technology,吉林,理工,139.6,
350,盐城师范学院,Yancheng Teachers University,江苏,师范,139.4,
351,井冈山大学,Jinggangshan University,江西,综合,138.9,
351,金陵科技学院,Jinling Institute of Technology,江苏,理工,138.9,
353,天津农学院,Tianjin Agricultural University,天津,农业,138.8,
353,仲恺农业工程学院,Zhongkai University of Agriculture and Engineering,广东,农业,138.8,
355,铜仁学院,Tongren University,贵州,综合,138.4,
356,山东交通学院,Shandong Jiaotong University,山东,理工,137.8,
357,黄冈师范学院,Huanggang Normal University,湖北,师范,137.7,
357,泉州师范学院,Quanzhou Normal University,福建,师范,137.7,
359,河南科技学院,Henan Institute of Science and Technology,河南,师范,137.2,
360,温州理工学院,Wenzhou University of Technology,浙江,理工,136.9,
361,安徽科技学院,Anhui Science and Technology University,安徽,师范,136.5,
361,洛阳师范学院,Luoyang Normal University,河南,师范,136.5,
363,徐州工程学院,Xuzhou University of Technology,江苏,理工,136.3,
364,湖北第二师范学院,Hubei University of Education,湖北,师范,136,
365,丽水学院,Lishui University,浙江,师范,135.1,
365,中国民用航空飞行学院,Civil Aviation Flight University of China,四川,理工,135.1,
367,惠州学院,Huizhou University,广东,综合,134.5,
368,长春大学,Changchun University,吉林,综合,134.3,
369,贵阳学院,Guiyang University,贵州,综合,134,
370,湖州学院,Huzhou College,浙江,师范,133.8,
371,沈阳工程学院,Shenyang Institute of Engineering,辽宁,理工,133,
372,湖北科技学院,Hubei University of Science and Technology,湖北,综合,132.8,
372,湖北文理学院,Hubei University of Arts and Science,湖北,综合,132.8,
372,黔南民族师范学院,Qiannan Normal University for Nationalities,贵州,师范,132.8,
375,防灾科技学院,Institute of Disaster Prevention,河北,理工,132.7,
376,广东石油化工学院,Guangdong University of Petrochemical Technology,广东,综合,132.6,
377,洛阳理工学院,Luoyang Institute of Science and Technology,河南,综合,132.3,
378,遵义师范学院,Zunyi Normal University,贵州,师范,132.1,
379,衢州学院,Quzhou University,浙江,理工,132,
380,重庆三峡学院,Chongqing Three Gorges University,重庆,综合,131.9,
381,齐齐哈尔大学,Qiqihar University,黑龙江,综合,131.6,
381,三明学院,Sanming University,福建,综合,131.6,
383,太原师范学院,Taiyuan Normal University,山西,师范,131.4,
384,阜阳师范大学,Fuyang Normal University,安徽,师范,131.1,
385,北华航天工业学院,North China Institute of Aerospace Engineering,河北,理工,131,
386,绵阳师范学院,Mianyang Teachers' College,四川,师范,130.6,
387,佳木斯大学,Jiamusi University,黑龙江,综合,130.4,
388,成都师范学院,Chengdu Normal University,四川,师范,130.2,
389,昆明学院,Kunming University,云南,综合,129.8,
389,周口师范学院,Zhoukou Normal University,河南,师范,129.8,
391,岭南师范学院,Lingnan Normal University,广东,师范,129.7,
391,莆田学院,Putian University,福建,综合,129.7,
393,德州学院,Dezhou University,山东,综合,129.5,
394,黑龙江科技大学,Heilongjiang University of Science and Technology,黑龙江,理工,129.4,
394,攀枝花学院,Panzhihua University,四川,综合,129.4,
394,山东航空学院,Shandong University of Aeronautics,山东,理工,129.4,
394,浙江水利水电学院,Zhejiang University of Water Resources and Electric Power,浙江,理工,129.4,
398,龙岩学院,Longyan University,福建,综合,129.2,
398,西藏农牧大学,Xizang Agricultural and Animal Husbandry University,西藏,农业,129.2,
400,曲靖师范学院,Qujing Normal University,云南,师范,128.5,
401,华北科技学院,North China Institute of Science & Technology,河北,理工,128.4,
402,泰山学院,Taishan University,山东,综合,128.2,
403,潍坊学院,Weifang University,山东,综合,128.1,
404,河北科技师范学院,Hebei Normal University of Science and Technology,河北,师范,127.7,
405,湘南学院,Xiangnan University,湖南,理工,127.6,
406,衡阳师范学院,Hengyang Normal University,湖南,师范,127.3,
406,湖南工程学院,Hunan Institute of Engineering,湖南,理工,127.3,
408,内江师范学院,Neijiang Normal University,四川,师范,127.1,
409,许昌学院,Xuchang University,河南,理工,126.9,
409,宜宾学院,Yibin University,四川,综合,126.9,
411,贵州理工学院,Guizhou Institute of Technology,贵州,理工,126.8,
412,吉林化工大学,Jilin University of Chemical Technology,吉林,理工,126.7,
413,宁夏师范大学,Ningxia Normal University,宁夏,师范,126.4,
414,合肥师范学院,Hefei Normal University,安徽,师范,126.1,
414,湖北理工学院,Hubei Polytechnic University,湖北,理工,126.1,
414,江苏第二师范学院,Jiangsu Second Normal University,江苏,师范,126.1,
417,皖西学院,West Anhui University,安徽,师范,125.8,
418,安阳师范学院,Anyang Normal University,河南,师范,125.4,
419,湖北工程学院,Hubei Engineering University,湖北,综合,125.3,
419,南阳师范学院,Nanyang Normal University,河南,师范,125.3,
419,苏州城市学院,Suzhou City University,江苏,综合,125.3,
422,北部湾大学,Beibu Gulf University,广西,综合,125.1,
422,西安文理学院,Xi'an University,陕西,师范,125.1,
424,广东第二师范学院,Guangdong University of Education,广东,师范,124.6,
425,韶关学院,Shaoguan University,广东,综合,124.5,
426,乐山师范学院,Leshan Normal University,四川,师范,124.2,
426,武夷学院,Wuyi University,福建,综合,124.2,
428,六盘水师范学院,Liupanshui Normal University,贵州,师范,124,
429,商丘师范学院,Shangqiu Normal University,河南,师范,123.7,
429,石家庄学院,Shijiazhuang University,河北,师范,123.7,
431,宜春学院,Yichun University,江西,综合,123.3,
432,枣庄学院,Zaozhuang University,山东,综合,122.9,
433,重庆第二师范学院,Chongqing University of Education,重庆,师范,122.8,
434,黄淮学院,Huanghuai University,河南,师范,122.7,
435,滁州学院,Chuzhou University,安徽,综合,122.6,
436,怀化学院,Huaihua University,湖南,综合,122.4,
436,玉林师范学院,Yulin Normal University,广西,师范,122.4,
438,邵阳学院,Shaoyang University,湖南,理工,122.3,
438,唐山师范学院,Tangshan Normal University,河北,师范,122.3,
440,南昌师范学院,Nanchang Normal University,江西,师范,122.2,
440,肇庆学院,Zhaoqing University,广东,综合,122.2,
442,广州航海学院,Guangzhou Maritime University,广东,理工,122,
442,平顶山学院,Pingdingshan University,河南,师范,122,
444,河南工程学院,Henan University Of Engineering,河南,理工,121.7,
444,西安航空学院,Xihang University,陕西,理工,121.7,
446,成都工业学院,Chengdu Technological University,四川,理工,121.5,
446,天水师范大学,Tianshui Normal University,甘肃,师范,121.5,
448,河西学院,HeXi University,甘肃,综合,121.3,
448,南京特殊教育师范学院,Nanjing Normal University of Special Education,江苏,师范,121.3,
450,宝鸡文理学院,Baoji University of Arts and Sciences,陕西,师范,121.2,
450,南阳理工学院,Nanyang Institute Of Technology,河南,理工,121.2,
450,宁德师范学院,Ningde Normal University,福建,师范,121.2,
450,西昌学院,Xichang University,四川,综合,121.2,
454,河南城建学院,Henan University of Urban Construction,河南,理工,120.9,
455,黑龙江工程学院,Heilongjiang Institute of Technology,黑龙江,理工,120.6,
455,湖南文理学院,Hunan University of Arts and Science,湖南,综合,120.6,
457,上饶师范学院,Shangrao Normal University,江西,师范,120.5,
458,内蒙古科技大学包头师范学院,Baotou Teachers' College,内蒙古,综合,120.4,
459,通化师范学院,Tonghua Normal University,吉林,师范,120.3,
460,济宁学院,Jining University,山东,师范,120.2,
460,渭南师范学院,Weinan Normal University,陕西,师范,120.2,
462,湖南科技学院,Hunan University of Science and Engineering,湖南,综合,120.1,
463,海南热带海洋学院,Hainan Tropical Ocean University,海南,综合,119.9,
463,湖南城市学院,Hunan City University,湖南,综合,119.9,
465,齐鲁师范学院,Qilu Normal University,山东,师范,119.8,
466,廊坊师范学院,Langfang Normal University,河北,师范,119.4,
467,玉溪师范学院,Yuxi Normal University,云南,师范,119.1,
468,牡丹江师范学院,Mudanjiang Normal University,黑龙江,师范,119,
469,哈尔滨学院,Harbin University,黑龙江,综合,118.8,
470,山西大同大学,Shanxi Datong University,山西,综合,118.7,
471,湖南工学院,Hunan Institute of Technology,湖南,理工,118.6,
472,韩山师范学院,Hanshan Normal University,广东,师范,118.3,
473,九江学院,Jiujiang University,江西,综合,118.2,
474,太原工业学院,Taiyuan Institute of Technology,山西,理工,118,
475,宿迁学院,Suqian University,江苏,综合,117.8,
476,陇东学院,Longdong University,甘肃,师范,117.6,
477,福建技术师范学院,Fujian Polytechnic Normal University,福建,师范,117.4,
478,鞍山师范学院,Anshan Normal University,辽宁,师范,117.3,
479,巢湖学院,Chaohu University,安徽,师范,117.2,
480,山东青年政治学院,Shandong Youth University of Political Science,山东,综合,117.1,
481,黄山学院,Huangshan University,安徽,师范,117,
482,吉林工程技术师范学院,Jilin Engineering Normal University,吉林,师范,116.8,
483,河北民族师范学院,Hebei Minzu Normal University,河北,师范,116.4,
483,四川旅游学院,Sichuan Tourism University,四川,综合,116.4,
485,山东女子学院,Shandong Women's University,山东,综合,116.3,
486,山东管理学院,Shandong Management University,山东,综合,116,
486,咸阳师范学院,Xianyang Normal University,陕西,师范,116,
488,吉林农业科技学院,Jilin Agricultural Science and Technology University,吉林,农业,115.9,
489,兰州城市学院,Lanzhou City University,甘肃,综合,115.6,
490,湖南人文科技学院,"Hunan University of Humanities, Science and Technology",湖南,师范,115.5,
490,宿州学院,Suzhou University,安徽,师范,115.5,
492,安阳工学院,Anyang Institute of Technology,河南,理工,115.3,
493,凯里学院,Kaili University,贵州,综合,115.1,
494,安顺学院,Anshun University,贵州,综合,114.9,
494,长治学院,Changzhi University,山西,师范,114.9,
496,淮南师范学院,Huainan Normal University,安徽,师范,114.1,
497,贺州学院,Hezhou University,广西,综合,114,
498,新乡学院,Xinxiang University,河南,理工,113.9,
499,嘉应学院,Jiaying University,广东,综合,113.7,
500,伊犁师范大学,Yili Normal University,新疆,师范,113.3,
500+,阿坝师范学院,ABA TEACHERS COLLEGE,四川,师范,,
500+,安康学院,Ankang University,陕西,综合,,
500+,白城师范学院,Baicheng Normal University,吉林,师范,,
500+,百色学院,Baise University,广西,综合,,
500+,保定学院,Baoding University,河北,师范,,
500+,保山学院,Baoshan University,云南,师范,,
500+,蚌埠学院,Bengbu University,安徽,理工,,
500+,亳州学院,Bozhou University,安徽,师范,,
500+,沧州师范学院,Cangzhou Normal University,河北,师范,,
500+,昌吉学院,Changji University,新疆,师范,,
500+,长沙工业学院,Changsha Institute of Technology,湖南,师范,,
500+,长沙师范学院,Changsha Normal University,湖南,师范,,
500+,赤峰学院,Chifeng University,内蒙古,综合,,
500+,池州学院,Chizhou University,安徽,师范,,
500+,楚雄师范学院,Chuxiong Normal University,云南,师范,,
500+,大庆师范学院,Daqing Normal University,黑龙江,综合,,
500+,滇西科技师范学院,West Yunnan University,云南,师范,,
500+,滇西应用技术大学,West Yunnan University of Applied Sciences,云南,综合,,
500+,鄂尔多斯应用技术学院,Ordos Institute of Technology,内蒙古,综合,,
500+,赣东学院,Gandong University,江西,理工,,
500+,赣南科技学院,Gannan University of Science and Technology,江西,理工,,
500+,甘肃民族师范学院,Gansu Minzu Normal University,甘肃,师范,,
500+,广西科技师范学院,Guangxi Science & Technology Normal University,广西,师范,,
500+,广西民族师范学院,Guangxi Minzu Normal University,广西,师范,,
500+,广西职业师范学院,Guangxi Vocational Normal University,广西,综合,,
500+,桂林航天工业学院,Guilin University of Aerospace Technology,广西,理工,,
500+,贵州工程应用技术学院,Guizhou University of Engineering Science,贵州,师范,,
500+,邯郸学院,Handan University,河北,师范,,
500+,汉江师范学院,Hanjiang Normal University,湖北,师范,,
500+,河北环境工程学院,Hebei University of Environmental Engineering,河北,综合,,
500+,河北建筑工程学院,Hebei University of Architecture,河北,理工,,
500+,河北水利电力学院,Hebei University of Water Resources and Electric Engineering,河北,理工,,
500+,河池学院,Hechi University,广西,综合,,
500+,合肥理工学院,Hefei Institute of Technology,安徽,综合,,
500+,黑河学院,Heihe University,黑龙江,综合,,
500+,黑龙江工业学院,Heilongjiang University of Technology,黑龙江,理工,,
500+,河南工学院,Henan Institute of Technology,河南,理工,,
500+,河南牧业经济学院,Henan University of Animal Husbandry and Economy,河南,农业,,
500+,衡水学院,Hengshui University,河北,师范,,
500+,河套学院,Hetao college,内蒙古,综合,,
500+,菏泽学院,Heze University,山东,综合,,
500+,红河学院,Honghe University,云南,综合,,
500+,呼伦贝尔学院,Hulunbuir University,内蒙古,综合,,
500+,荆楚理工学院,Jingchu University of Technology,湖北,理工,,
500+,景德镇学院,Jingdezhen University,江西,综合,,
500+,集宁师范学院,Jining Normal University,内蒙古,师范,,
500+,晋中学院,Jinzhong University,山西,师范,,
500+,喀什大学,Kashi University,新疆,师范,,
500+,兰州工业学院,Lanzhou Institute of Technology,甘肃,理工,,
500+,兰州文理学院,Lanzhou University of Arts and Science,甘肃,综合,,
500+,辽东学院,Liaodong University,辽宁,综合,,
500+,辽宁科技学院,Liaoning Institute of Science and Technology,辽宁,理工,,
500+,吕梁学院,Lyuliang University,山西,师范,,
500+,萍乡学院,Pingxiang University,江西,综合,,
500+,普洱学院,Pu'er University,云南,师范,,
500+,琼台师范学院,Qiongtai Normal University,海南,师范,,
500+,山东农业工程学院,Shandong Agriculture and Engineering University,山东,综合,,
500+,山东石油化工学院,SHANDONG INSTITUTE OF PETROLEUM AND CHEMICAL TECHNOLOGY,山东,理工,,
500+,商洛学院,Shangluo University,陕西,综合,,
500+,山西电子科技学院,Shanxi University of Electronic Science and Technology,山西,理工,,
500+,山西工程技术学院,Shanxi Institute of Technology,山西,理工,,
500+,山西工学院,SHANXI COLLEGE OF TECHNOLOGY,山西,理工,,
500+,山西科技学院,Shanxi Institute of Science and Technology,山西,理工,,
500+,山西能源学院,Shanxi Institute of Energy,山西,综合,,
500+,陕西学前师范学院,Shaanxi Xueqian Normal University,陕西,师范,,
500+,绍兴理工学院,Shaoxing Institute of Technology,浙江,师范,,
500+,四川民族学院,Sichuan Minzu College,四川,师范,,
500+,四川文理学院,Sichuan University of Arts and Science,四川,综合,,
500+,绥化学院,Suihua University,黑龙江,综合,,
500+,太原学院,Taiyuan University,山西,理工,,
500+,泰州学院,Taizhou University,江苏,师范,,
500+,唐山学院,Tangshan University,河北,理工,,
500+,天津中德应用技术大学,Tianjin Sino-German University of Applied Sciences,天津,理工,,
500+,文山学院,Wenshan University,云南,师范,,
500+,梧州学院,Wuzhou University,广西,综合,,
500+,邢台学院,Xingtai University,河北,师范,,
500+,兴义民族师范学院,Minzu Normal University of Xingyi,贵州,师范,,
500+,新疆工程学院,Xinjiang Institute of Engineering,新疆,理工,,
500+,新疆理工学院,Xinjiang Institute of Technology,新疆,综合,,
500+,新疆政法学院,Xinjiang University of Political Science And Law,新疆,综合,,
500+,信阳农林学院,Xinyang Agriculture and Forestry University,河南,农业,,
500+,新余学院,Xinyu University,江西,综合,,
500+,忻州师范学院,Xinzhou Teachers University,山西,师范,,
500+,营口理工学院,YingKou Institute of Technology,辽宁,理工,,
500+,运城学院,Yuncheng University,山西,综合,,
500+,豫章师范学院,Yuzhang Normal University,江西,师范,,
500+,张家口学院,Zhangjiakou University,河北,综合,,
500+,昭通学院,Zhaotong University,云南,师范,,
500+,郑州工程技术学院,Zhengzhou University of Technology,河南,理工,,
500+,郑州师范学院,Zhengzhou Normal University,河南,师范,,
